{"numFailedTestSuites":0,"numFailedTests":0,"numPassedTestSuites":2,"numPassedTests":63,"numPendingTestSuites":0,"numPendingTests":0,"numRuntimeErrorTestSuites":0,"numTodoTests":0,"numTotalTestSuites":2,"numTotalTests":63,"openHandles":[],"snapshot":{"added":0,"didUpdate":false,"failure":false,"filesAdded":0,"filesRemoved":0,"filesRemovedList":[],"filesUnmatched":0,"filesUpdated":0,"matched":0,"total":0,"unchecked":0,"uncheckedKeysByFile":[],"unmatched":0,"updated":0},"startTime":1663881413243,"success":true,"testResults":[{"assertionResults":[{"ancestorTitles":["Town"],"duration":5,"failureMessages":[],"fullName":"Town constructor should set its properties","location":null,"status":"passed","title":"constructor should set its properties"},{"ancestorTitles":["Town","addPlayer"],"duration":2,"failureMessages":[],"fullName":"Town addPlayer should use the townID and player ID properties when requesting a video token","location":null,"status":"passed","title":"should use the townID and player ID properties when requesting a video token"},{"ancestorTitles":["Town","addPlayer"],"duration":2,"failureMessages":[],"fullName":"Town addPlayer should register callbacks for all client-to-server events","location":null,"status":"passed","title":"should register callbacks for all client-to-server events"},{"ancestorTitles":["Town","addPlayer","interactableUpdate callback"],"duration":2,"failureMessages":[],"fullName":"Town addPlayer interactableUpdate callback Should not throw an error for any interactable area that is not a viewing area","location":null,"status":"passed","title":"Should not throw an error for any interactable area that is not a viewing area"},{"ancestorTitles":["Town","addPlayer","interactableUpdate callback"],"duration":1,"failureMessages":[],"fullName":"Town addPlayer interactableUpdate callback Should not throw an error if there is no such viewing area","location":null,"status":"passed","title":"Should not throw an error if there is no such viewing area"},{"ancestorTitles":["Town","addPlayer","interactableUpdate callback","When called passing a valid viewing area"],"duration":9,"failureMessages":[],"fullName":"Town addPlayer interactableUpdate callback When called passing a valid viewing area Should emit the interactable update to the other players in the town using the player's townEmitter, after the viewing area was successfully created","location":null,"status":"passed","title":"Should emit the interactable update to the other players in the town using the player's townEmitter, after the viewing area was successfully created"},{"ancestorTitles":["Town","addPlayer","interactableUpdate callback","When called passing a valid viewing area"],"duration":4,"failureMessages":[],"fullName":"Town addPlayer interactableUpdate callback When called passing a valid viewing area Should update the model for the viewing area","location":null,"status":"passed","title":"Should update the model for the viewing area"},{"ancestorTitles":["Town","addPlayer","interactableUpdate callback","When called passing a valid viewing area"],"duration":29,"failureMessages":[],"fullName":"Town addPlayer interactableUpdate callback When called passing a valid viewing area Should not emit interactableUpdate events to players directly, or to the whole town","location":null,"status":"passed","title":"Should not emit interactableUpdate events to players directly, or to the whole town"},{"ancestorTitles":["Town","Socket event listeners created in addPlayer","on socket disconnect"],"duration":1,"failureMessages":[],"fullName":"Town Socket event listeners created in addPlayer on socket disconnect Invalidates the players's session token","location":null,"status":"passed","title":"Invalidates the players's session token"},{"ancestorTitles":["Town","Socket event listeners created in addPlayer","on socket disconnect"],"duration":1,"failureMessages":[],"fullName":"Town Socket event listeners created in addPlayer on socket disconnect Informs all other players of the disconnection using the broadcast emitter","location":null,"status":"passed","title":"Informs all other players of the disconnection using the broadcast emitter"},{"ancestorTitles":["Town","Socket event listeners created in addPlayer","on socket disconnect"],"duration":1,"failureMessages":[],"fullName":"Town Socket event listeners created in addPlayer on socket disconnect Removes the player from any active conversation area","location":null,"status":"passed","title":"Removes the player from any active conversation area"},{"ancestorTitles":["Town","Socket event listeners created in addPlayer","on socket disconnect"],"duration":1,"failureMessages":[],"fullName":"Town Socket event listeners created in addPlayer on socket disconnect Removes the player from any active viewing area","location":null,"status":"passed","title":"Removes the player from any active viewing area"},{"ancestorTitles":["Town","Socket event listeners created in addPlayer","playerMovement"],"duration":1,"failureMessages":[],"fullName":"Town Socket event listeners created in addPlayer playerMovement Emits a playerMoved event","location":null,"status":"passed","title":"Emits a playerMoved event"},{"ancestorTitles":["Town","Socket event listeners created in addPlayer","playerMovement"],"duration":1,"failureMessages":[],"fullName":"Town Socket event listeners created in addPlayer playerMovement Updates the player's location","location":null,"status":"passed","title":"Updates the player's location"},{"ancestorTitles":["Town","Socket event listeners created in addPlayer","interactableUpdate"],"duration":1,"failureMessages":[],"fullName":"Town Socket event listeners created in addPlayer interactableUpdate forwards updates to others in the town","location":null,"status":"passed","title":"forwards updates to others in the town"},{"ancestorTitles":["Town","Socket event listeners created in addPlayer","interactableUpdate"],"duration":8,"failureMessages":[],"fullName":"Town Socket event listeners created in addPlayer interactableUpdate does not forward updates to the ENTIRE town","location":null,"status":"passed","title":"does not forward updates to the ENTIRE town"},{"ancestorTitles":["Town","Socket event listeners created in addPlayer","interactableUpdate"],"duration":1,"failureMessages":[],"fullName":"Town Socket event listeners created in addPlayer interactableUpdate updates the local model for that interactable","location":null,"status":"passed","title":"updates the local model for that interactable"},{"ancestorTitles":["Town","Socket event listeners created in addPlayer"],"duration":0,"failureMessages":[],"fullName":"Town Socket event listeners created in addPlayer Forwards chat messages to all players in the same town","location":null,"status":"passed","title":"Forwards chat messages to all players in the same town"},{"ancestorTitles":["Town","addConversationArea"],"duration":1,"failureMessages":[],"fullName":"Town addConversationArea Should return false if no area exists with that ID","location":null,"status":"passed","title":"Should return false if no area exists with that ID"},{"ancestorTitles":["Town","addConversationArea"],"duration":1,"failureMessages":[],"fullName":"Town addConversationArea Should return false if the requested topic is empty","location":null,"status":"passed","title":"Should return false if the requested topic is empty"},{"ancestorTitles":["Town","addConversationArea"],"duration":1,"failureMessages":[],"fullName":"Town addConversationArea Should return false if the area already has a topic","location":null,"status":"passed","title":"Should return false if the area already has a topic"},{"ancestorTitles":["Town","addConversationArea","When successful"],"duration":0,"failureMessages":[],"fullName":"Town addConversationArea When successful Should update the local model for that area","location":null,"status":"passed","title":"Should update the local model for that area"},{"ancestorTitles":["Town","addConversationArea","When successful"],"duration":0,"failureMessages":[],"fullName":"Town addConversationArea When successful Should include any players in that area as occupants","location":null,"status":"passed","title":"Should include any players in that area as occupants"},{"ancestorTitles":["Town","addConversationArea","When successful"],"duration":1,"failureMessages":[],"fullName":"Town addConversationArea When successful Should emit an interactableUpdate message","location":null,"status":"passed","title":"Should emit an interactableUpdate message"},{"ancestorTitles":["Town","addViewingArea"],"duration":1,"failureMessages":[],"fullName":"Town addViewingArea Should return false if no area exists with that ID","location":null,"status":"passed","title":"Should return false if no area exists with that ID"},{"ancestorTitles":["Town","addViewingArea"],"duration":1,"failureMessages":[],"fullName":"Town addViewingArea Should return false if the requested video is empty","location":null,"status":"passed","title":"Should return false if the requested video is empty"},{"ancestorTitles":["Town","addViewingArea"],"duration":1,"failureMessages":[],"fullName":"Town addViewingArea Should return false if the area is already active","location":null,"status":"passed","title":"Should return false if the area is already active"},{"ancestorTitles":["Town","addViewingArea","When successful"],"duration":0,"failureMessages":[],"fullName":"Town addViewingArea When successful Should update the local model for that area","location":null,"status":"passed","title":"Should update the local model for that area"},{"ancestorTitles":["Town","addViewingArea","When successful"],"duration":0,"failureMessages":[],"fullName":"Town addViewingArea When successful Should emit an interactableUpdate message","location":null,"status":"passed","title":"Should emit an interactableUpdate message"},{"ancestorTitles":["Town","addViewingArea","When successful"],"duration":1,"failureMessages":[],"fullName":"Town addViewingArea When successful Should include any players in that area as occupants","location":null,"status":"passed","title":"Should include any players in that area as occupants"},{"ancestorTitles":["Town","disconnectAllPlayers"],"duration":1,"failureMessages":[],"fullName":"Town disconnectAllPlayers Should emit the townClosing event","location":null,"status":"passed","title":"Should emit the townClosing event"},{"ancestorTitles":["Town","disconnectAllPlayers"],"duration":1,"failureMessages":[],"fullName":"Town disconnectAllPlayers Should disconnect each players's socket","location":null,"status":"passed","title":"Should disconnect each players's socket"},{"ancestorTitles":["Town","initializeFromMap"],"duration":11,"failureMessages":[],"fullName":"Town initializeFromMap Throws an error if there is no layer called \"objects\"","location":null,"status":"passed","title":"Throws an error if there is no layer called \"objects\""},{"ancestorTitles":["Town","initializeFromMap"],"duration":1,"failureMessages":[],"fullName":"Town initializeFromMap Throws an error if there are duplicate interactable object IDs","location":null,"status":"passed","title":"Throws an error if there are duplicate interactable object IDs"},{"ancestorTitles":["Town","initializeFromMap"],"duration":6,"failureMessages":[],"fullName":"Town initializeFromMap Throws an error if there are overlapping objects","location":null,"status":"passed","title":"Throws an error if there are overlapping objects"},{"ancestorTitles":["Town","initializeFromMap"],"duration":1,"failureMessages":[],"fullName":"Town initializeFromMap Creates a ConversationArea instance for each region on the map","location":null,"status":"passed","title":"Creates a ConversationArea instance for each region on the map"},{"ancestorTitles":["Town","initializeFromMap"],"duration":1,"failureMessages":[],"fullName":"Town initializeFromMap Creates a ViewingArea instance for each region on the map","location":null,"status":"passed","title":"Creates a ViewingArea instance for each region on the map"},{"ancestorTitles":["Town","initializeFromMap","Updating interactable state in playerMovements"],"duration":1,"failureMessages":[],"fullName":"Town initializeFromMap Updating interactable state in playerMovements Adds a player to a new interactable and sets their conversation label, if they move into it","location":null,"status":"passed","title":"Adds a player to a new interactable and sets their conversation label, if they move into it"},{"ancestorTitles":["Town","initializeFromMap","Updating interactable state in playerMovements"],"duration":1,"failureMessages":[],"fullName":"Town initializeFromMap Updating interactable state in playerMovements Removes a player from their prior interactable and sets their conversation label, if they moved outside of it","location":null,"status":"passed","title":"Removes a player from their prior interactable and sets their conversation label, if they moved outside of it"},{"ancestorTitles":["Town","Updating town settings"],"duration":3,"failureMessages":[],"fullName":"Town Updating town settings Emits townSettingsUpdated events when friendlyName changes","location":null,"status":"passed","title":"Emits townSettingsUpdated events when friendlyName changes"},{"ancestorTitles":["Town","Updating town settings"],"duration":1,"failureMessages":[],"fullName":"Town Updating town settings Emits townSettingsUpdated events when isPubliclyListed changes","location":null,"status":"passed","title":"Emits townSettingsUpdated events when isPubliclyListed changes"}],"endTime":1663881418475,"message":"","name":"/Users/jon/Documents/NEU/Teaching/Fall2022-CS4530/ip2-grader/handout/townService/src/town/Town.test.ts","startTime":1663881413584,"status":"passed","summary":""},{"assertionResults":[{"ancestorTitles":["TownsController integration tests","createTown"],"duration":1300,"failureMessages":[],"fullName":"TownsController integration tests createTown Allows for multiple towns with the same friendlyName","location":null,"status":"passed","title":"Allows for multiple towns with the same friendlyName"},{"ancestorTitles":["TownsController integration tests","createTown"],"duration":13,"failureMessages":[],"fullName":"TownsController integration tests createTown Prohibits a blank friendlyName","location":null,"status":"passed","title":"Prohibits a blank friendlyName"},{"ancestorTitles":["TownsController integration tests","listTowns"],"duration":2529,"failureMessages":[],"fullName":"TownsController integration tests listTowns Lists public towns, but not private towns","location":null,"status":"passed","title":"Lists public towns, but not private towns"},{"ancestorTitles":["TownsController integration tests","listTowns"],"duration":2640,"failureMessages":[],"fullName":"TownsController integration tests listTowns Allows for multiple towns with the same friendlyName","location":null,"status":"passed","title":"Allows for multiple towns with the same friendlyName"},{"ancestorTitles":["TownsController integration tests","deleteTown"],"duration":616,"failureMessages":[],"fullName":"TownsController integration tests deleteTown Throws an error if the password is invalid","location":null,"status":"passed","title":"Throws an error if the password is invalid"},{"ancestorTitles":["TownsController integration tests","deleteTown"],"duration":617,"failureMessages":[],"fullName":"TownsController integration tests deleteTown Throws an error if the townID is invalid","location":null,"status":"passed","title":"Throws an error if the townID is invalid"},{"ancestorTitles":["TownsController integration tests","deleteTown"],"duration":656,"failureMessages":[],"fullName":"TownsController integration tests deleteTown Deletes a town if given a valid password and town, no longer allowing it to be joined or listed","location":null,"status":"passed","title":"Deletes a town if given a valid password and town, no longer allowing it to be joined or listed"},{"ancestorTitles":["TownsController integration tests","deleteTown"],"duration":695,"failureMessages":[],"fullName":"TownsController integration tests deleteTown Informs all players when a town is destroyed using the broadcast emitter and then disconnects them","location":null,"status":"passed","title":"Informs all players when a town is destroyed using the broadcast emitter and then disconnects them"},{"ancestorTitles":["TownsController integration tests","updateTown"],"duration":662,"failureMessages":[],"fullName":"TownsController integration tests updateTown Checks the password before updating any values","location":null,"status":"passed","title":"Checks the password before updating any values"},{"ancestorTitles":["TownsController integration tests","updateTown"],"duration":665,"failureMessages":[],"fullName":"TownsController integration tests updateTown Updates the friendlyName and visbility as requested","location":null,"status":"passed","title":"Updates the friendlyName and visbility as requested"},{"ancestorTitles":["TownsController integration tests","updateTown"],"duration":1,"failureMessages":[],"fullName":"TownsController integration tests updateTown Should fail if the townID does not exist","location":null,"status":"passed","title":"Should fail if the townID does not exist"},{"ancestorTitles":["TownsController integration tests","joinTown"],"duration":653,"failureMessages":[],"fullName":"TownsController integration tests joinTown Disconnects the socket if the town does not exist","location":null,"status":"passed","title":"Disconnects the socket if the town does not exist"},{"ancestorTitles":["TownsController integration tests","joinTown"],"duration":1313,"failureMessages":[],"fullName":"TownsController integration tests joinTown Admits a user to a valid public or private town and sends back initial data","location":null,"status":"passed","title":"Admits a user to a valid public or private town and sends back initial data"},{"ancestorTitles":["TownsController integration tests","joinTown"],"duration":692,"failureMessages":[],"fullName":"TownsController integration tests joinTown Includes active conversation areas in the initial join data","location":null,"status":"passed","title":"Includes active conversation areas in the initial join data"},{"ancestorTitles":["TownsController integration tests","Interactables","Create Conversation Area"],"duration":852,"failureMessages":[],"fullName":"TownsController integration tests Interactables Create Conversation Area Executes without error when creating a new conversation","location":null,"status":"passed","title":"Executes without error when creating a new conversation"},{"ancestorTitles":["TownsController integration tests","Interactables","Create Conversation Area"],"duration":719,"failureMessages":[],"fullName":"TownsController integration tests Interactables Create Conversation Area Returns an error message if the town ID is invalid","location":null,"status":"passed","title":"Returns an error message if the town ID is invalid"},{"ancestorTitles":["TownsController integration tests","Interactables","Create Conversation Area"],"duration":647,"failureMessages":[],"fullName":"TownsController integration tests Interactables Create Conversation Area Checks for a valid session token before creating a conversation area","location":null,"status":"passed","title":"Checks for a valid session token before creating a conversation area"},{"ancestorTitles":["TownsController integration tests","Interactables","Create Conversation Area"],"duration":698,"failureMessages":[],"fullName":"TownsController integration tests Interactables Create Conversation Area Returns an error message if addConversation returns false","location":null,"status":"passed","title":"Returns an error message if addConversation returns false"},{"ancestorTitles":["TownsController integration tests","Interactables","Create Viewing Area"],"duration":683,"failureMessages":[],"fullName":"TownsController integration tests Interactables Create Viewing Area Executes without error when creating a new viewing area","location":null,"status":"passed","title":"Executes without error when creating a new viewing area"},{"ancestorTitles":["TownsController integration tests","Interactables","Create Viewing Area"],"duration":665,"failureMessages":[],"fullName":"TownsController integration tests Interactables Create Viewing Area Returns an error message if the town ID is invalid","location":null,"status":"passed","title":"Returns an error message if the town ID is invalid"},{"ancestorTitles":["TownsController integration tests","Interactables","Create Viewing Area"],"duration":653,"failureMessages":[],"fullName":"TownsController integration tests Interactables Create Viewing Area Checks for a valid session token before creating a viewing area","location":null,"status":"passed","title":"Checks for a valid session token before creating a viewing area"},{"ancestorTitles":["TownsController integration tests","Interactables","Create Viewing Area"],"duration":627,"failureMessages":[],"fullName":"TownsController integration tests Interactables Create Viewing Area Returns an error message if addViewingArea returns false","location":null,"status":"passed","title":"Returns an error message if addViewingArea returns false"}],"endTime":1663881437427,"message":"","name":"/Users/jon/Documents/NEU/Teaching/Fall2022-CS4530/ip2-grader/handout/townService/src/town/TownsController.test.ts","startTime":1663881413586,"status":"passed","summary":""}],"wasInterrupted":false}